song_no,song_name,song_label,song_feature
1,aHUOz,99.38401442,"[-0.12041102713785598, -0.6571862513729638, 0.12155975536688439, 0.37949795277090986, 0.1699510988529907, 0.10052371418519805, -0.03991084104579455, -0.26964412402521737, 0.18007087164872995, 0.3404042074146076, 0.5955245802606609, -0.017132441569320155, 1.3214520676725194, 0.1839551062923576, 0.30127393121322504, 0.8839857826894914, -1.2596610714918164, -0.13534139418499563, -1.1214179719672919, 0.17303259617601519, -0.44502271530692744, -0.8206797156112914, -0.042185789593957315, 0.31817748478886027, 0.04606496499926667, 0.8330048226583106]"
2,Beggin',129.1992188,"[0.6837373118607735, -0.07184637213099797, 0.07760301961138599, 0.33572091437747165, 0.19137685440775568, -0.28505633901728805, 0.13801848057719668, -0.24043070783642778, 0.48514275201572177, -0.0032717159198648654, 0.2441415082087697, 0.2815777276908202, -0.5673202261998465, 0.7888237184137558, -0.015455299383843272, -0.27347636664162966, 0.12270667329439136, 0.7722413868064829, 0.23564369917743733, 1.473733246580253, 0.6706900326612429, -0.3874033407998599, 0.9995697472986271, 1.3591818536749063, 0.9471573731406892, 0.630751832197196]"
3,Bloom of Youth,135.9991776,"[-1.7585163650233633, -1.1283051320726358, -1.9363724668754856, -2.238595106990466, -2.0150443133171096, -1.4575075939642346, -1.5854627655205524, 1.9638851600238127, -0.6033300847221219, 0.07592627699265929, -0.40609133871760444, -1.8873687846637606, -2.1433034092560246, -1.2768453843211112, 0.11098960319865595, -0.8300494979456965, 1.8212693511586409, 0.19020021466903594, 0.22838989670277035, -2.3662274220517627, -2.2740645345729904, -2.262635610485166, -1.8929697391779545, -2.7307143774691967, -0.9775035996517467, -1.9051724715711453]"
4,Can't Hold Us,143.5546875,"[0.5862144956707198, 0.687701432391733, 0.35417686573429447, 0.4370231965256547, 0.3556115493447169, 0.01532454799415739, 0.7739662261210588, -0.37648089901317033, -0.5052480497654029, 0.40471158535434015, 0.5863719633505083, -0.2982946762325134, 0.35379808347334024, 0.5292917888003656, -0.6131016233605338, 0.9887909471484245, 0.64070885071275, 0.6047756397709964, 1.4375190171976442, 0.3959767635714668, 0.7962923254319654, 0.5388091860452798, -0.27118973957644266, 0.8282947340966492, 0.7565509293107836, 1.008153764896667]"
5,Circles,117.4538352,"[0.2185023182283135, 1.6714775499654437, -0.26926350757576634, 0.27139016807477184, -0.08548040177861102, -0.45787838775166334, 0.7797705736633248, 0.28305643913915335, 0.9878504042188989, 0.10007299836510125, 0.1021549704159603, 0.34501721575908484, 1.1637555915097804, 0.28147271475081553, 0.0439210024663432, 0.40174417655310424, 1.0146059125973457, 0.6268008452656291, 0.6135083301627863, 0.08476520391965764, -0.28227068159826696, 0.9040934316175157, -1.2286750017648846, 1.1902685802670234, 0.16234068442588145, -0.1048002632434021]"
6,doa - ”¢–€,95.703125,"[1.210860074065242, -0.22990515040164794, 1.3028627403878272, 0.8878509567528242, 1.1203413039817456, 2.2314256036131046, 0.7936781622009893, -1.1100861028942994, 0.3321671965286271, 1.4612686820915224, 0.8145697138884227, 0.07402129295035936, 0.9442116436318007, 0.9865648836320166, 0.4541329392102652, 0.02827902414717011, 0.5108342125868945, -0.15736548963290684, 0.0014998326303858442, -0.2892251753688503, -0.6990174462871183, 0.006711685080330864, -0.4967520521819604, -0.9595473486562034, 0.5173908972453392, -0.612325674363406]"
7,Don Coi (Instrumental),80.74951172,"[0.0988963926951832, -0.7322160182602442, -0.45916373190003995, -0.017714078358077968, -0.2598712383996702, -0.9735763299991236, -0.7073038272565937, 0.300989194912426, 1.5764487027975742, 0.46068471815935197, 1.461931017262052, 0.8181814407592913, 0.5111290659508716, 0.32687200004834266, -0.16116674535057907, -0.6424252377988198, -0.1955750421316724, 0.34981020375076166, 0.8882549132620136, 0.2651737674931942, 0.2369805365062499, 0.25728520801157256, 0.7872615866103022, -0.4805542011203282, -0.20424933626920677, -0.7664907774883046]"
8,Enigma (Original Mix),135.9991776,"[3.126059641624256, 1.7184576678220833, 1.6087144073394253, 1.4313046359129813, 1.6345569221193008, 0.7747393626931203, 1.2369399458005808, -1.1641885775739853, 1.427232970588708, 0.04197540624275166, 0.7194709239296597, 0.9341960757379973, 0.988559918559329, 1.0272413076180025, 1.0320481643918937, 1.2507384807328725, 1.561395126044119, 1.410422360694445, 1.1698660946614514, 1.1055708666808122, 0.7489662936036768, 0.8126037312005765, 1.4978729124646122, 1.9605995223916088, 2.1753149709903554, 1.2927675775934078]"
9,Eunomia,135.9991776,"[1.619386738548592, 1.5160568424749405, 1.8188416241728846, 1.1911019864195833, 1.5755650320632415, 1.7727280565949712, 1.2027579741849828, -1.5211627121642899, 0.23406929664434659, -0.0707668087839969, 0.07656275160388973, 1.164192380448573, 1.39704076109322, 1.1731062345337782, 0.751704109842986, 1.0810902268957983, 1.0829578895561591, 1.3532634933595127, 0.6268894309166311, 0.8744088846926591, 0.9618312022761826, 1.2624788867313257, 1.2276083328663498, 1.1974475039273214, 0.8641366243686895, 0.9502298171674141]"
10,Feel It Still,103.359375,"[0.356528231613706, 0.6649984393919239, 0.3616950367014582, 0.5711347849846401, 0.48774685226006975, -0.5538920040628376, 0.05880508222717024, -0.7735381722976434, 1.51327427085839, 2.1134603446595808, 1.081743890381411, 0.2943019593320604, 0.22093044850989965, 0.6291195982284284, 0.2901515584758617, 0.4240761817106729, -1.103698438775166, -0.5185209515960106, -0.8135360598734591, 0.1529949052201264, -0.8786495546326387, -0.2755989468189419, 0.6244313876933543, 0.4293421420830037, 1.776476592710752, 1.512075660958353]"
11,From Nowhere (Baardsen Remix),89.10290948,"[0.9820690995980658, -0.23816245415756526, 0.22558880321351174, 0.45602630089070106, 0.3740843962813572, -0.8143738447266228, 0.032933379762269795, -0.46994893912345836, -0.07632135150575181, 0.45459935190160233, 0.9843649497512792, 1.3372909137926121, 0.2511402559795588, 0.601669312730997, 0.14475651873420234, 1.2283715598209164, 2.494402487535046, 0.921610127530002, 1.1496649980258944, 0.8162319390834284, 0.7478062378021709, 0.6200335485907268, 1.200098063346218, 2.083304340877738, 0.560766883201607, 0.17871853477411342]"
12,FTW,129.1992188,"[0.7274958165083624, 2.241589118224327, 1.7566548990141826, 1.3115977092028166, 1.614467886299698, 1.1406548200513298, 1.1867047856145825, -1.562806747218753, 0.7102941644249217, -0.3596887990762216, -0.20552865519800637, 0.4197099591531266, 1.0195103837546826, 1.0185281668485697, 1.4239246933570937, 0.7870381741279482, 0.9304029823762433, 1.4270850158658503, 1.4344304286931377, 1.1433645725582273, 0.7991328956569334, 0.5530526907875971, 1.053599289249302, -0.060832076561502545, 0.7280231834165604, 0.3295471128662515]"
13,Hate Myself,117.4538352,"[0.3255160447181483, -0.7360503166655977, -0.8782696524939475, -0.5822548963201253, -0.9719072707273895, -1.0735884631351478, -0.701470551636396, 0.7798324196229782, 1.1392844772690356, 0.9403178302163003, 0.4526935929094874, -1.169206249064774, -0.13624521793443997, -0.5883773150636932, -0.31751253614943453, -0.16433194539939186, 0.17093274754872667, 0.4184352560010461, 0.49489335795941286, -0.34641545519027006, 0.7076555739543904, -0.19067312055977814, -0.15584408340234232, -0.9483793313641375, -0.06374552799909076, -1.0218881768077228]"
14,Heartbeat,129.1992188,"[0.7492966083986187, 1.7579214764220357, 1.1826993132495567, 1.1580662641769346, 1.3367080799709137, 0.43558712097895996, 1.1491936043711457, -0.990043774429236, 0.7886522709654319, 0.1809751848260667, 0.6731834725613153, 0.16192088234740196, 0.30027366056987803, 0.5897947659625593, 1.0819743949941487, 1.10782106036295, 0.973802588769449, 1.0489639947322191, 0.9724242732216934, 0.7896197612380262, 1.014724402988507, 0.46515804019826845, 0.38367112293965033, 0.7265986604455358, 0.8889103533425482, 1.007060675660064]"
15,I Wanna Know (Syn Cole Remix),123.046875,"[0.1625915533969111, 0.14669574882512848, 0.6773415664384607, 0.5893630350004223, 0.6267665525932598, 0.9462530835914547, 0.5095615233487525, -0.6219166514181447, 0.04192600822426532, 0.15822132829887553, -0.17376664667522906, -0.16519779555892436, 0.5851337606661512, -0.41048500136064975, 1.086939544986999, 0.4498986488205145, -0.5185309335924344, 0.02864354519068374, -0.3968560452134852, 0.2807641023957739, -0.22509466433001316, 0.5500787398700628, 1.5060396762772836, 0.5865487997830587, 0.9524307349422505, 0.20538445344711517]"
16,Just Got Paid,117.4538352,"[-0.23174182882125455, 0.6949833847316302, 1.0222131279779063, 0.6478618289383883, 0.9840562324768021, 1.851222017648955, 0.807652445486863, -0.7747932426356962, -1.1045964387471952, -2.078186889470941, -0.4900026485205155, -0.2569846696101441, -0.21301521341158183, 0.901801366797786, -1.005255362734785, 0.5419383271503013, -0.3816967382791874, 0.21935426829128313, -1.2676686925160547, 0.4120325635212611, -0.32822998397244285, 0.6520502905808374, 0.4530382018948123, -0.14718800686641387, 0.317428600617383, 0.46956052191027686]"
17,Just Run,129.1992188,"[-0.3864398837939288, 0.6970523029995732, 0.6501219516149312, 0.3865874752088297, 0.5399427004419047, 0.8490952763119389, 0.8894540571349403, -0.6132889786332173, -0.7771789482645417, -0.24362512276186948, -1.4894183445344922, 0.2478987157876535, -0.3258387233096044, 0.05562301440903979, -0.2193750118832163, -0.06608505719394557, 0.0740730418076691, 0.4330503873005895, 0.4625044914470403, 1.142729491106946, 1.0229890392850791, 1.3578399262185414, 1.2342342067408854, 0.8706249280159197, 1.0988697822008449, 0.8477442124231708]"
18,Komorebi,103.359375,"[-0.3153785493542175, 0.9073063071538328, -0.6725143257620431, -0.5341084401302401, -0.6788237326327892, -0.5327675320989359, 0.6717267418526525, 0.6785616175399892, -1.111866079599528, 0.793665222767141, -0.5031647532606932, 0.09939197339924905, -0.30983560824898615, 0.1596136412624128, 0.21321793079024937, -0.41906527966330664, -0.19107228833611534, -0.0365607700050672, 0.29265096013066244, 0.8610409864023745, 0.29862810086753233, 0.6069549343542268, 0.41399386510024233, 0.25028689017530653, -0.002592477595984003, 0.4230838786910262]"
19,Lemon,86.1328125,"[-0.22471436597269714, 0.3819029871713818, -0.25050812658122595, 0.04774245939749352, -0.22103950903856695, -0.19897134756043414, 0.5376107033772358, 0.27124000147792243, -0.41843733438772146, -0.46926120664142645, 0.7454987266165259, -0.25345133398931186, -0.5643737339032304, 0.47512582013457966, -0.18170151335761286, 0.38747564275558866, -0.41909272304333345, 0.4703012497915758, -0.6295189566945947, 0.4079181243082909, -0.04220616022313831, 0.7610845094051739, -1.5821401359404454, 0.2524833379785604, 0.0024090739914036092, -0.56947586232883]"
20,Levitating (feat,103.359375,"[0.6979162330644619, 0.48362218487820086, 0.5917668018282103, 0.5818428791469273, 0.6415924102316016, 0.3561950315304715, 0.6418997686263218, -0.611756307698065, 0.019982858119679484, 0.3348334941778901, -0.1569417137103002, 0.6111750038721739, 0.46957219168070297, 0.8187806695309034, 0.7462790489435304, 1.3838810805692683, 0.3677226868890053, 0.7142774794338544, 0.21488038225613026, 1.1647858960449762, 0.8044575437556547, 0.9335490766453717, 0.3478911211738497, -0.0188577276260809, -0.321394874028187, 0.708543705578347]"
21,Midnight Sky,112.3471467,"[0.9945330998972766, 0.622355257752691, -0.11043896724380152, 0.356160857199691, 0.05544985986148873, -0.6680650383231778, 0.266229167397596, -0.07207788333057832, 0.707725072201638, 0.3797605204419596, 0.23775062397800792, 0.7202208063166786, 1.467319069943568, 0.4199869393800959, 1.5655883714046206, 1.0210254261101162, 1.0490432963736491, 0.5958214905863379, 0.5753271766985187, 0.5758521287879985, -0.011394384230413026, 0.834873864801274, 0.22371547403499817, 0.5787439977456222, -0.2188322259576338, 1.3236457182256545]"
22,More Than Ever,129.1992188,"[0.25732341987967733, 0.4957053430797644, 1.0672757046976662, 1.0344332792005055, 1.1957827234946317, 1.2166143365947935, 0.8147326951078422, -0.6199428949861434, 1.035322371649748, -1.246223629631297, -0.17035960124580812, 0.5355384671330355, 0.7796274299322421, 0.9749216281296098, 0.32600425136417466, 1.0519434459223294, -0.2581047391738243, 0.14972219019409921, 0.08876772401015735, 0.5512594054175135, 0.40248056767834234, 1.0634036355730125, 0.7384048766971613, 0.2505864378220226, -0.5149960710870751, 0.7281039539317506]"
23,Oceans,117.4538352,"[0.5129391058721026, 0.6717115354989055, -0.4783577282996088, -0.1996867250207547, -0.32469543082961494, -1.2665138241520013, 0.23603255125310502, 0.43682471099184883, -0.06661561666362865, 0.5402850693779169, -0.5579537887755036, 0.8762406488429497, 0.9747270617748937, 0.897825815542352, 0.6826026861052713, -0.6692987715167118, -0.41979764976621453, 0.5160017025382062, 2.258179223083522, 2.1089312601359023, 2.3453535598456354, 1.5096243973075323, 1.164305320162809, -0.05949251123235477, -0.19392295253776143, 0.577861637982377]"
24,One Too Many,83.35433468,"[0.6972713863763199, 0.2624656954849659, 0.03141166377131488, 0.48717520744904536, 0.12164995074223722, -0.41372245887662396, 0.2760700268161702, -0.16509087698104363, 1.234428044995913, 0.8206472924250808, 1.1435520520950349, -0.12225392496821094, 1.7274748650847551, 0.4805661629044708, 0.2930081135516166, 1.2960648564296469, 0.41873467311948315, 0.5153220977800367, 0.41016409269558207, 0.2679113257270839, 0.48337017752884864, -0.15207055240535658, 0.1764023612745166, 0.4415371379246442, -0.14207559899945355, 0.7096939678119476]"
25,Our Story(ELE SHEEP Remix),129.1992188,"[-0.47426653158574855, -0.8204119922862877, -0.08720967016342537, 0.051397293115860505, -0.02370476866123228, 0.04567636647694421, -0.060024312911033134, 0.16001422346352437, -0.1340716237574427, -0.23289351603733177, 0.31312002316626314, -1.1085105955506092, -2.109576781760694, -1.0022119428296998, -1.7940321244076893, -1.7228391538062484, -0.989656788285522, -1.7937603752983713, -2.138773530215306, -1.230626866715686, -1.1668666851515606, -0.6562933298674208, -0.44717226008518446, -0.08786821929452397, 0.008998175476282661, -1.2325827012473933]"
26,Solo Dance,117.4538352,"[0.5303152897424726, 1.3723264268501434, 0.9423817361163814, 0.8876788090714931, 1.0399113328664793, 0.4632568574069241, 0.9888282943920583, -0.9153097279672308, 0.06590119516720704, -0.07326452678023475, 0.5446024450572983, 0.648730529682438, 0.30434657634289064, 0.8222914050972242, 0.7482063432136443, 1.0278425084337097, 1.149665058965638, 1.2239341699341202, 0.865353494285502, 0.6982387710928469, 0.7614867565938646, 0.9394432182988027, 0.8490041662499677, 0.4836589406575326, 1.4645151193394537, 1.7073318459068372]"
27,STELLA MIC RELAY,129.1992188,"[0.10248981049727413, 0.3748050242693183, 0.7358443722175477, 0.6556150128063295, 0.769087428175616, 0.9095405475749834, 0.9318101933455114, -0.561788402552949, -0.6766358458506079, -1.193125577294994, -0.3885647928942381, -0.319645692648093, -0.49475882789300535, -0.058465018148360096, 0.23134177615229579, 0.8011778616336467, 0.29123246918597506, 0.4140476682521095, 0.9507306136352538, 0.13567094605410462, 0.03345596984507639, 0.32924948748290755, 0.4458466009972312, -0.03820747774436769, -0.19993397042507252, 0.2325184092749892]"
28,The?truth?that?you?leave,129.1992188,"[-0.2723114772771839, -0.026939913010909127, -1.0879772648542037, -0.8837751327046083, -1.0061845554839595, -1.0371342928212053, -0.03388661276532687, 1.128125667902818, -1.0303272825544358, 0.7117143305126843, 0.2928332992575947, 0.07420386507204126, 0.01949618136760165, 0.22698123685959465, -0.07497114633822538, 0.10881682465721997, 0.3005864465843614, 0.244811055143036, 0.815076954026175, 0.5336472638864934, -0.44619648258406175, -0.15938144981170724, -0.15894760180717618, -0.43916115082403384, -0.41909305377794537, -0.17338183805669516]"
29,This City,73.828125,"[-0.598417557947413, -0.9767056866988151, -0.4604444094697312, -0.4669050476273, -0.5158938112712789, -0.6516034521334864, -0.7935086400497241, 0.03155960547564175, 0.03855800703436108, 1.330795280796485, 0.5518834794496814, 0.5469837919387569, -0.566258254680755, -0.00941874811917788, -0.685312955129729, 0.04888655689783947, 1.0580327868066473, -0.39569097307189566, -0.9039446462634695, -0.3374984017087807, -0.2642817067837142, -0.1674664622489883, -0.7780346042978802, -0.35242571182182214, -0.5253697735513293, -0.7713186070224013]"
30,Titan,129.1992188,"[1.3954123239992005, 1.2636885152104869, 0.4536426106640487, 0.5653204447169402, 0.5505795481801161, -0.10375743461422983, 0.9645880105125789, -0.47619292923023027, -0.04402548919889311, 0.26251103432162665, 0.3291082125990282, 0.8468981625571339, 0.5110622572447304, 0.7859665534777921, 0.6042384411315391, 0.5833276532845852, 0.6026679015827321, 0.7561617623284791, 0.6557036016282403, 0.8181278619399757, 0.8407463309432486, 1.001234963303984, 0.9885062639457706, 0.639473993966677, 0.318450056894319, 0.76018902383887]"
31,Trip,129.1992188,"[-0.493476728090074, 0.37315208212169493, 0.5585012351071252, 0.5124241317147514, 0.5646745364096531, 0.27752882667480144, 0.4334839501325995, -0.8017955660219321, -0.22374089126920715, 0.4269334410058577, -0.10066543745358386, 0.5243411347994854, 0.270213943967294, 0.2885102433460642, 0.17293911037089307, 0.3809553045769146, 1.0942030939726455, 0.6074601596845651, -0.14410595852114272, -0.15095270343026249, -0.15362488334966412, 0.39065058382522466, 0.6253863744524433, 0.6808679546528781, 0.6915126454741776, 1.0942625947132596]"
32,Vitality,151.9990809,"[0.9348586861445888, -0.014500034546621346, -0.4579260402971703, 0.42302814940448463, 0.02006400808216736, -1.7788284060092037, -0.19277844638597197, -0.10308801475423938, 2.200443735888317, 1.360073236421392, 0.4649261805540043, 0.9341582985364172, 0.7425586105468663, 1.012456319166805, 1.1227862385157164, 0.9643683711387505, 1.591677603181219, 1.8252396478993727, 1.565591461625919, 1.2894754708826937, 0.44279311205254585, 0.12295790585611097, 0.5243305009693496, 0.941523744555328, 1.5548759140389585, 1.36155102171407]"
33,Watermelon Sugar,95.703125,"[-0.7556746840246857, 0.5884564630188094, 0.8500830226289724, 0.6672144475975336, 0.8421253174179356, 0.8531430056515564, 0.6216677138143443, -1.0084108375506675, -0.4491983738489353, -2.1538961915078385, -2.4227913988421697, -0.02309216652367014, -1.0849945998962427, -0.5850676965580075, -0.4910268942819154, 0.068719540504768, 0.5202463112279355, 0.01608584279528614, -0.967947756692686, -0.06782995007166584, -0.5446418339432811, -0.9066177899281783, -0.6225192720860725, 0.12002833169407148, -0.0506200296341686, 0.3210448079833154]"
34,WHATS POPPIN,143.5546875,"[1.2143967481609348, -0.7419289421579922, 1.427110134245981, 0.5192464387838605, 0.7836459543859055, 2.1066841818064668, -0.5568733685333574, -0.9749329541718138, 0.9094608969309758, -1.8445168798883576, 0.24009623124258364, -1.041958998270705, -0.6191288847168336, -0.05708902121189656, -0.5122206319469393, 0.908454806992018, -0.3381018127339943, 0.6403073814432582, -0.16039705050331995, -1.3214341056347836, 1.130629590716093, 0.053675532257618286, -0.49343508136036524, 0.8951481302997404, -0.20873769119344732, -0.5584259298240184]"
35,What°Øs your name£ø (collaboration with âØ√€),151.9990809,"[0.343209573020597, 0.44352967162916135, 0.693284530609924, 0.8335362334763063, 0.8615301454798979, 0.8036844283103314, 0.6515567805172039, -0.5907406071011734, 0.38859712736536767, -0.7440532760600872, -0.07454920885989438, -0.8628034981658607, 0.40369697765150997, -0.019705068275666413, -0.45847060951704766, 0.3749617250344777, -1.2401263221578633, -0.2863651078349696, -1.0219845950650708, -0.9487308062418858, -0.08118507937929895, -0.19929446331155248, 0.06444010369330538, 0.4047825829377483, 0.2832289544209791, 0.8764864328509592]"
36,§§§ƒ§‚∫Œ∂»§«§‚,112.3471467,"[-2.077751728577215, -1.4414731542323034, -1.823781213470375, -2.533725293522333, -1.9477160347583402, 0.31318329362377406, -2.858055362734748, 1.7828264428823524, 1.339694346393072, -1.0822406552973, 3.421224179808985, 2.5384484482929115, -0.7019898902422204, -4.363291532287983, -3.6360529370747887, -2.567672279503563, -1.1746650128245875, -2.0790315384143816, -1.8083173538981, -2.355021936900531, -0.5644773075262087, -0.9544928332275658, 0.9547032762966103, -1.4146809240991076, -2.1590363285092686, 0.13526404943008966]"
37,•∑•Ì•Ø•ﬁ,143.5546875,"[0.7669372459623875, -0.4700069225852804, 0.8241038649262722, 0.7236368752630404, 0.804978511828138, 1.158654297327502, 0.3904476036682185, -0.7786367564421848, 1.128205240437119, 1.319534098165202, 0.3595534427374592, 1.4370310029916815, -0.2931703785090997, 0.030594268711344005, 0.24085744039847334, 0.5467967867687799, 0.3205351514256592, 0.19252034039922883, -0.020983725938543772, 0.732209966144568, -0.12797427640997938, -0.1965864240170809, -0.6026219726494365, 0.19370897674673268, -1.3232582461752183, -0.5753998168338833]"
38,•‘•¢•Œ?•Ï•√•π•Û,143.5546875,"[-0.8942694355532302, -0.4321533919154826, 0.625631974866571, 0.7837435034469156, 0.7229102159978327, 0.6332368834134828, -0.07283392365214483, -0.5261347334445694, 0.46309427776421885, -1.305054261880287, -0.18947908533261126, -1.333949494741898, 0.11770909272702808, -1.290777413119511, -0.27532231976289295, -1.0760044826505308, -1.6577735912120295, -1.4255282480770883, -1.8167299984941812, -1.0035233078399308, -1.2308179458418955, -2.121278710086328, -0.5115587108160281, -0.5053452782923371, -0.8560319243045781, -0.2797024747667155]"
39,ƒ´º“…Òª˙,99.38401442,"[-1.4814944660620246, -1.2828584819475866, -1.1098242036492496, -1.2451730119348152, -1.2616577500080102, -0.44994902130976777, -1.2928467214078192, 0.8225602503030709, -1.6259499012263714, -0.6148100801560271, -1.0808963675864074, -0.7444741374516717, -0.5094924604314081, -0.6544640887511232, -1.214961937512964, -1.6303406395150464, -0.9870385626430083, -1.261046648181759, -0.3972895000523507, -0.6414839320287324, -0.22057542933227647, -1.4148324384136493, -1.5212341125260112, -0.6540120968912638, -0.7510347338427588, -2.1992935296565572]"
40,œƒ¡µ,92.28515625,"[-0.17709974117858135, 0.7383450436442073, -0.1481380839943345, 0.0309788997649848, -0.05961302038711526, -0.01831835741369811, 0.5784253353675033, 0.10737936972484519, -0.13524915178542352, -0.13957269062195743, -0.16782021271234276, 1.1140170408800882, 0.08265681596858249, 1.1794978490371315, 0.6847381181576248, -0.5804026071700423, -1.3460140797474371, 0.527726869892499, 0.7312267757269473, 0.5943116554049734, 0.3300710077524868, 0.1735955602285525, 0.04216088647528347, 0.6359646464483164, 1.055907475246959, 1.1001910466025409]"
41,”ƒ—≈§ÀÜD§´§ª°¢ƒ´»æ§Œó@,112.3471467,"[-0.6653621715149171, -1.5322915703060527, -2.043647118369451, -2.753665998558587, -2.0706877860474227, -1.4106348431095053, -1.8273077475255228, 3.5337845204412686, -3.3176669878642295, -0.8455464333001946, -0.12112591886421993, -2.298942482158437, -0.2420765028845044, -1.0302258878009691, -0.6424427313308819, -2.200215380801078, -1.157422992997705, -1.8827688739422297, -0.36342045892842134, -1.6043378025429107, -0.016360855743141774, -0.6814810138086208, 0.6771807488418468, -0.04001844884068081, 0.48458131897210227, -0.4400970804648165]"
42,”ƒÎëñ|æ©£®∑≠◊‘ Ayase£©,123.046875,"[-0.40675202906571484, -0.0031827583044781904, 0.6658623753600253, 0.3896188300935139, 0.42685414862983756, 0.9106724354146334, 0.5112336873565675, -0.6988710979913525, -0.8989657597820431, -0.10832248911398643, -1.1065942095375165, 0.008463734815968252, 0.4476995131333, -1.0585987861830373, -0.09005369634470049, -0.26846100484896473, -0.681047632821018, -0.34122017993474607, -0.7512310305842518, 0.19938908622175894, -1.2085660284417912, -0.18725107073696573, -0.7587648398815459, -0.6230307941813262, -1.4044371870077839, -0.11050469620799157]"
43,«Ïπ¶æ∆(Jungle?Juice),184.5703125,"[1.3691021587992533, 1.1964879285079972, 0.726338813495905, 0.7220040239997391, 0.7820861122919456, -0.031058247174105873, 0.87307392854535, -0.5564704896567635, 1.0614872864224458, 0.43053955633843943, -0.34104498727028587, -0.28239333949208356, -0.2943820694511563, 0.593603787506451, -0.44348956867493156, 1.0792987862310532, 0.1112572393765636, 0.34826732419612333, 0.5805445164620275, 0.4043143637602603, 1.3228982719943567, 0.32438683144011954, 0.5849055169005479, 0.4097427982932032, 0.3130850230626309, 0.21777263884625556]"
44,¥Ú…œª®ª,95.703125,"[-0.15079237813697485, 0.6634749712931466, 0.27965236870730587, 0.3891708051046044, 0.33089933403223787, 0.4144872552724426, 0.8513657206945254, -0.2757302945505478, -0.2872489609894719, 0.3933269158437809, 0.012634421083294297, -0.38169853988110763, -0.2172029950735274, 0.026036235658353692, 0.40594435812183804, 0.2806553063856876, -0.21263911262012788, 0.12356564696677154, -0.2066020137310057, 0.07418399773685976, 0.8565339988729896, 0.9922220385528588, -0.06627304898929104, 0.24767236783296934, 1.1076230144263115, -0.14671336500999518]"
45,…¢ª®,80.74951172,"[-0.44483966577141354, -0.9606513490608526, -0.25985789970135115, -0.34089633312364354, -0.38767773424609464, 0.8562926065966694, -0.1886650729386569, 0.0445426940427588, -1.3569343162616945, 1.9410577383041732, 0.5503628632834892, 0.807897552670692, 0.07318018251602412, 0.4016073656323407, 1.3224552047628932, -0.4951804013812064, 0.3986981744986452, 1.0745203442360673, 1.6002859523456103, 1.1372247549281331, 1.2190923381844072, 1.7407933514889278, -0.9018648054760368, 0.39917969104300577, -0.1025706123863279, 0.40770338680447193]"
46,‘¬π‚ ≥Ã√,117.4538352,"[-0.7443420551555124, -1.8072710439910424, -0.7246619479619308, -0.6507723823989147, -0.7691008201116522, -0.939810393304349, -1.817548847738955, 0.41334662025887764, -0.9383271968016054, -0.9951282166787732, 0.3381693092906786, 0.632520077806606, 0.820938104459074, -1.179047142459869, 1.1191612654650807, -0.962639828375423, -1.0178782479402022, -2.240782423374887, -2.129824906188522, -1.6317299370732674, -2.709183220943869, -2.01572470553253, -2.0230796005524003, -1.7761776084887129, -0.23316339024632127, -0.8828540731793332]"
47,‰æ,99.38401442,"[-2.1729771251977286, -1.914728653017221, -1.7030572238411494, -2.156239084800104, -1.802219065604164, -1.2390040283970314, -2.74626805012483, 1.5914099052112138, -0.7527782831300839, -1.9049541917684873, -0.9594334470636818, -2.294640125807684, -1.8959018118418378, -1.7525380370458172, -1.122783137180103, -0.8112379791077841, -0.47128907720410995, -2.47533939425621, -1.0870308674209315, -0.6804930043432973, -0.1993783241130012, -1.5011984732102857, -0.7946582483452976, -2.3754177420182874, -1.3403517216385312, -0.6415335989279984]"
48,…Ò‘œ,161.4990234,"[-0.7928151912112448, -0.8060257070396354, -1.141579204282275, -0.9174169540347697, -1.1006723163880727, -0.5938717486583208, -0.2627062637775467, 1.2700321795478173, -0.7445773836134192, 0.6129472114202258, -0.7913303533942169, 0.06679635009027664, 0.2271526313924416, 0.9764794146841331, 0.8966924929933845, -0.17460095508983517, 0.1256104595306648, -0.22924568985275423, 0.026893101024376566, 0.08672324105257848, 0.8380090283706556, 1.161774985520899, 0.8535517883065387, 0.3121447126536638, 0.5816843598628737, -0.22704320717767587]"
49,ÕØº¿,151.9990809,"[0.1508739780256909, -0.08656286064410056, 0.6021479752547964, 0.4991622503968414, 0.48809511889111085, 0.940433703720211, 0.5386035947056778, -0.5045286257468495, 0.018051702474152363, -0.14282401434670916, -1.3878582152482792, -0.5125016228317815, 0.3893326813235914, -0.5699363959600338, -0.22335090747446876, 0.33298105804855216, -0.13416036258990607, -0.6719590702328195, 0.15880412057567073, -0.5903054272023841, -0.3491502972362378, 0.11911634698306985, -0.4125110786976983, -0.47370983106702924, -1.3329561499351286, -1.1541361773745615]"
50,ª®ª§¨À≤§Ø“π§À,143.5546875,"[0.03998696816949278, -1.3589992220949585, -1.9786993263172337, -2.019049205348556, -1.9602438231481913, -1.8825068714953985, -1.4441423269425, 2.3458858382403847, -0.8040140812095156, 0.5915291397004326, 0.6053523521767467, 0.21413162782462283, 0.8011054628360063, -0.1943769103049573, 0.9115541865752771, 0.10994693389205218, 1.3364090625003358, -0.15526600703565907, 0.4583276637293711, -0.17150747613568193, 0.7002701773857497, 0.5859792870595255, 1.5703284248481586, 0.26534638380721043, 0.9302713659560842, -0.6220281343362215]"
51,ÎÖ¡˜§Ï,151.9990809,"[-2.1783618227190797, -1.691452877877087, -1.1974160934744729, -1.295719190663268, -1.3636385583553874, -0.9545064805267606, -1.9727653895678228, 0.4750957571585953, -1.7827470360855582, -1.019160684707474, -3.902069941244437, -3.0548002979903877, -3.4972719519150863, -1.963761728450288, -3.533819050076637, -2.253199998316666, -1.2589918720492372, -0.8854089296463775, -0.7599662571303128, -1.2224276951175765, -1.6238226784412464, -2.4202924940720467, -2.0941300551295017, -2.6931670784454917, -1.6028850277157582, -1.5044236054329443]"
52,ÔL§Œ◊°§‡Ω÷,143.5546875,"[-1.1450125184610578, -0.8650206907219596, -1.5864034766133153, -1.5208904858874412, -1.7680006428134034, -1.246582755671209, -0.8337443344749437, 1.6099464220498982, -1.199890699086811, -1.018342071158072, -0.036932554369705134, -0.5828517256892558, -2.493896996411101, -1.6186442143557465, 0.13628582294240124, -1.7160946867076112, -0.7346320261746799, -1.2712373040259293, -0.18149971631952108, -1.476519166584876, -2.85305652266537, -1.818645939573768, -2.7147611127096503, -1.9571783929944147, -2.8269670432321607, -0.5993012496392681]"
53,ÔL“ä˘ç,151.9990809,"[-1.5019486457347024, -0.9447460399047425, -1.3841607090140524, -0.9934933119256483, -1.324183873189464, -1.4304345592778251, -0.9936178085307905, 0.6417783244275231, 0.8008421882415954, 2.103258313841788, -0.8632893153114032, 0.8274697510242236, -0.39213626380261873, 0.00941960647661153, -0.8347980382778815, -1.6602222420256127, -2.4210575629167317, -2.2556047918585085, -1.2353787927494724, -1.3891603589644768, -1.5709213452809954, -1.1388124295073834, -0.6424706619382634, -0.27663334487979335, -2.1252476756425462, -3.107396133326186]"
54,∫⁄≈¬√…Ã´∆Ê,135.9991776,"[-0.3895523811708057, -0.6646864134084561, 0.01456009688485565, 0.13442263896185105, -0.09503566089506763, 0.08707639452500947, -0.357101492455886, 0.05715126460314756, 0.23773543070117897, -1.197299881501104, 0.14429175970305544, -1.1308142394462055, -0.01463448949033, 0.00919839100251452, -0.5990408842803957, -0.7475092709680513, -1.5646895977006725, -0.2627070022659976, -1.6395706930364713, -1.9261642390196192, -0.00031404423234193376, -0.9960545612833642, -0.9986885888162057, -0.8406699268074478, -0.4879978487310044, -1.7439576624516353]"
